filename,label,confidence
0000019773_1361.jpg,9,0.1362
0000016440_1218.jpg,45,0.1218
0000022097_1505.jpg,39,0.1505
000003587_1536.jpg,2,0.1536
0000011307_1415.jpg,2,0.1416
000003578_1276.jpg,2,0.1277
0000019968_1263.jpg,39,0.1263
0000017789_1605.jpg,5,0.1606
0000024425_2391.jpg,8,0.2392
0000021561_1273.jpg,11,0.1274
0000010964_1457.jpg,2,0.1457
0000028223_1335.jpg,44,0.1335
0000014041_1592.jpg,2,0.1593
0000014069_1325.jpg,44,0.1325
0000013060_1395.jpg,26,0.1396
0000015363_1566.jpg,39,0.1567
000004798_1464.jpg,2,0.1465
0000017574_1337.jpg,39,0.1337
0000032737_1454.jpg,44,0.1455
000002302_1798.jpg,2,0.1799
0000032723_1562.jpg,8,0.1563
0000028753_1252.jpg,35,0.1253
0000023160_2004.jpg,2,0.2004
0000033373_1502.jpg,39,0.1502
0000018684_1789.jpg,44,0.1789
0000016871_1297.jpg,35,0.1297
0000018069_2195.jpg,41,0.2196
000002289_1236.jpg,2,0.1236
0000010409_1800.jpg,2,0.1801
0000015571_3583.jpg,2,0.3584
000001019_1307.jpg,2,0.1308
0000030732_1627.jpg,44,0.1628
0000021603_1449.jpg,2,0.1449
000007454_1257.jpg,2,0.1258
000008767_1722.jpg,2,0.1722
000006992_1379.jpg,2,0.1380
0000028141_1793.jpg,39,0.1793
000004149_1356.jpg,39,0.1356
0000024586_1464.jpg,26,0.1464
0000010151_1843.jpg,2,0.1844
000005928_1664.jpg,2,0.1664
0000025883_1284.jpg,39,0.1285
000006206_1297.jpg,2,0.1297
0000032455_1481.jpg,44,0.1482
0000024579_1343.jpg,24,0.1344
0000010804_1213.jpg,8,0.1214
000008217_1291.jpg,2,0.1292
000001226_1219.jpg,35,0.1220
0000025100_1329.jpg,11,0.1329
0000014493_1718.jpg,2,0.1719
0000011514_1356.jpg,44,0.1357
00000213_2017.jpg,39,0.2018
000003394_1701.jpg,35,0.1701
0000010144_1344.jpg,2,0.1345
000008772_1274.jpg,9,0.1275
0000021616_1526.jpg,8,0.1527
000001030_1299.jpg,13,0.1300
000004148_1462.jpg,43,0.1462
000001756_2088.jpg,2,0.2088
0000033560_1456.jpg,2,0.1456
0000013868_1789.jpg,2,0.1790
000003633_1420.jpg,2,0.1421
0000016086_1378.jpg,38,0.1378
0000024020_1223.jpg,11,0.1223
0000011925_1874.jpg,2,0.1875
000005295_1214.jpg,2,0.1214
00000763_2007.jpg,2,0.2007
000001795_1219.jpg,39,0.1220
0000030914_1246.jpg,9,0.1247
0000011702_1314.jpg,2,0.1315
00000777_1308.jpg,9,0.1309
0000023940_1403.jpg,9,0.1403
0000032681_1524.jpg,39,0.1525
000009518_1557.jpg,35,0.1557
000003021_1539.jpg,39,0.1539
0000024626_1476.jpg,2,0.1477
000004000_2062.jpg,2,0.2062
000008148_1340.jpg,2,0.1340
000009256_1404.jpg,39,0.1404
0000014068_1325.jpg,44,0.1325
000004955_1660.jpg,5,0.1661
000005493_1319.jpg,46,0.1320
0000016657_1240.jpg,42,0.1241
00000159_1562.jpg,2,0.1563
0000021789_1481.jpg,8,0.1482
0000031015_1221.jpg,39,0.1221
0000021206_1308.jpg,8,0.1308
000003551_1309.jpg,2,0.1310
0000031001_1347.jpg,7,0.1348
000004564_1206.jpg,9,0.1206
0000017950_1557.jpg,2,0.1558
0000030451_1236.jpg,39,0.1236
0000010959_1335.jpg,2,0.1336
0000025909_1496.jpg,9,0.1496
0000013505_1208.jpg,2,0.1208
0000029869_1247.jpg,11,0.1247
000008389_1433.jpg,38,0.1434
0000010998_1905.jpg,2,0.1906
0000014254_1479.jpg,35,0.1480
0000019016_1282.jpg,34,0.1282
0000011462_1539.jpg,2,0.1540
0000014268_1271.jpg,29,0.1271
0000017952_1414.jpg,9,0.1415
0000024340_1457.jpg,39,0.1457
0000022725_1356.jpg,5,0.1357
000002665_1268.jpg,13,0.1269
000002895_1277.jpg,2,0.1277
0000032278_1319.jpg,39,0.1320
0000025062_2027.jpg,39,0.2028
0000019943_1404.jpg,39,0.1404
0000023407_1378.jpg,44,0.1379
000005136_1645.jpg,18,0.1645
0000011648_1521.jpg,39,0.1522
000003962_1231.jpg,13,0.1232
0000016641_1567.jpg,2,0.1568
00000615_1235.jpg,38,0.1235
000005491_1588.jpg,9,0.1589
0000013705_1326.jpg,2,0.1327
0000029300_1683.jpg,39,0.1684
000002473_1671.jpg,2,0.1672
0000026769_1424.jpg,44,0.1425
0000031573_2153.jpg,2,0.2153
000005334_3342.jpg,2,0.3343
00000985_1239.jpg,2,0.1240
0000019360_1607.jpg,2,0.1607
0000016053_2170.jpg,2,0.2170
000005297_2315.jpg,2,0.2315
0000010378_1595.jpg,2,0.1595
000004823_1897.jpg,11,0.1898
0000026621_1508.jpg,5,0.1509
00000946_1328.jpg,35,0.1329
000004176_1243.jpg,2,0.1243
0000032126_1563.jpg,2,0.1564
000006013_2303.jpg,2,0.2304
0000013856_1241.jpg,2,0.1241
000001026_1229.jpg,2,0.1229
0000028142_1400.jpg,39,0.1400
0000017629_1648.jpg,2,0.1649
0000014446_1502.jpg,44,0.1502
000009877_1778.jpg,2,0.1779
00000205_1346.jpg,35,0.1346
0000015016_1513.jpg,39,0.1514
0000013473_1465.jpg,2,0.1465
000006205_1731.jpg,2,0.1732
000003427_1288.jpg,13,0.1288
000006239_1344.jpg,35,0.1344
0000019823_1325.jpg,44,0.1326
000009678_3408.jpg,2,0.3409
0000012977_1520.jpg,39,0.1520
000008201_1248.jpg,39,0.1249
000007898_1815.jpg,2,0.1816
0000026436_1218.jpg,5,0.1219
000002076_1392.jpg,9,0.1393
0000026350_1252.jpg,2,0.1252
000007668_1286.jpg,5,0.1287
000002704_1211.jpg,9,0.1212
000001580_2169.jpg,2,0.2170
0000029922_1292.jpg,39,0.1293
0000013300_3033.jpg,39,0.3034
000001594_1323.jpg,2,0.1323
0000012036_1265.jpg,29,0.1265
0000024584_1656.jpg,5,0.1656
000008765_1252.jpg,2,0.1253
000001741_1216.jpg,2,0.1216
0000021167_1715.jpg,41,0.1715
0000018916_1569.jpg,2,0.1569
000004822_1327.jpg,2,0.1327
000004188_1402.jpg,2,0.1402
000006947_1296.jpg,39,0.1296
0000025498_1267.jpg,2,0.1267
00000990_2020.jpg,35,0.2020
0000023957_1730.jpg,39,0.1730
0000033371_1596.jpg,39,0.1596
0000025513_1454.jpg,35,0.1454
000001153_1329.jpg,2,0.1329
0000031572_1228.jpg,2,0.1229
000006628_1239.jpg,2,0.1239
0000027310_1752.jpg,39,0.1753
0000029473_1664.jpg,11,0.1665
000009241_1444.jpg,2,0.1444
0000022532_1349.jpg,39,0.1350
0000015375_1211.jpg,44,0.1211
0000018645_1249.jpg,8,0.1249
000003793_1297.jpg,39,0.1298
0000022283_1393.jpg,35,0.1393
000008836_1206.jpg,39,0.1207
0000010231_1717.jpg,2,0.1718
000008822_1298.jpg,2,0.1298
000003977_1223.jpg,35,0.1224
0000022718_1258.jpg,36,0.1259
0000031002_1337.jpg,35,0.1337
0000025063_1270.jpg,2,0.1270
000004573_1272.jpg,2,0.1273
0000031980_1264.jpg,18,0.1265
0000011488_1312.jpg,2,0.1313
00000402_1298.jpg,13,0.1298
0000025936_1585.jpg,2,0.1586
0000020682_2381.jpg,2,0.2382
00000374_1334.jpg,2,0.1335
0000011301_1749.jpg,2,0.1750
0000028580_1625.jpg,44,0.1625
0000015615_1516.jpg,2,0.1517
0000010745_1273.jpg,35,0.1274
0000021598_2315.jpg,35,0.2315
000005872_1774.jpg,2,0.1775
0000021215_1268.jpg,39,0.1268
0000025073_1355.jpg,43,0.1356
0000012191_1642.jpg,2,0.1642
000002660_1457.jpg,2,0.1457
000002489_2149.jpg,13,0.2149
000004946_1782.jpg,2,0.1782
0000026977_1385.jpg,39,0.1386
00000162_2642.jpg,2,0.2642
0000012350_1460.jpg,39,0.1460
0000019563_1240.jpg,8,0.1240
0000031576_1554.jpg,5,0.1554
000001631_1262.jpg,2,0.1262
000003998_2199.jpg,39,0.2200
00000189_1494.jpg,2,0.1495
000006162_4447.jpg,2,0.4448
000004832_1597.jpg,26,0.1598
0000010369_1255.jpg,2,0.1255
000004198_1771.jpg,38,0.1772
000006957_1234.jpg,2,0.1234
0000030913_1474.jpg,39,0.1474
00000770_2133.jpg,2,0.2134
0000023953_1338.jpg,44,0.1339
000001962_1228.jpg,5,0.1229
0000025311_2312.jpg,2,0.2312
0000028147_1244.jpg,1,0.1244
0000030720_1268.jpg,17,0.1268
0000024755_1349.jpg,12,0.1349
0000016095_1275.jpg,2,0.1275
0000011922_2731.jpg,2,0.2732
0000028386_1288.jpg,2,0.1289
000003393_1211.jpg,5,0.1211
0000019173_1624.jpg,2,0.1624
0000019167_1710.jpg,2,0.1711
000005735_2093.jpg,2,0.2094
000001221_1446.jpg,5,0.1446
000005721_1412.jpg,2,0.1412
0000024231_1402.jpg,44,0.1403
0000026340_1790.jpg,39,0.1791
00000599_1331.jpg,44,0.1331
000004365_1316.jpg,39,0.1316
0000034036_1204.jpg,5,0.1204
000002715_1328.jpg,39,0.1329
0000022641_1242.jpg,2,0.1242
0000010195_1289.jpg,2,0.1289
0000029072_1219.jpg,43,0.1220
000007651_1202.jpg,5,0.1203
000004358_1559.jpg,2,0.1560
0000027711_1259.jpg,44,0.1259
0000012769_1218.jpg,39,0.1219
0000012594_1499.jpg,2,0.1499
000009324_1749.jpg,29,0.1750
0000029270_1281.jpg,43,0.1281
0000032650_1202.jpg,44,0.1202
0000021162_1750.jpg,39,0.1751
000003635_1348.jpg,2,0.1349
000004628_2498.jpg,2,0.2498
0000022494_1264.jpg,39,0.1265
000009481_1501.jpg,42,0.1501
00000759_1384.jpg,39,0.1385
0000016043_1458.jpg,8,0.1458
0000023946_1260.jpg,39,0.1260
0000013885_1395.jpg,2,0.1395
000001977_1406.jpg,1,0.1407
0000016725_1461.jpg,5,0.1462
0000019416_1307.jpg,2,0.1307
0000011062_1448.jpg,2,0.1448
000004199_1299.jpg,39,0.1300
00000765_3556.jpg,2,0.3556
0000032877_1269.jpg,9,0.1269
0000017598_1246.jpg,13,0.1247
000006163_1565.jpg,5,0.1565
0000026989_1305.jpg,35,0.1306
000006639_1430.jpg,35,0.1430
0000031577_1458.jpg,39,0.1458
000003033_1354.jpg,5,0.1355
0000012351_2241.jpg,2,0.2242
0000019562_1227.jpg,39,0.1228
0000014708_1271.jpg,6,0.1272
00000611_1648.jpg,2,0.1649
0000028783_1523.jpg,8,0.1523
000005481_1395.jpg,2,0.1396
0000023359_1271.jpg,38,0.1271
000005668_1457.jpg,2,0.1457
0000017956_1624.jpg,8,0.1624
0000026235_1270.jpg,2,0.1270
000004204_1451.jpg,2,0.1452
0000025700_1223.jpg,9,0.1223
000007731_1557.jpg,2,0.1557
0000024387_1427.jpg,39,0.1427
000005867_1452.jpg,11,0.1453
000005697_1459.jpg,39,0.1459
0000013267_2385.jpg,2,0.2386
00000411_1478.jpg,5,0.1478
0000010020_1458.jpg,44,0.1458
000008372_1446.jpg,42,0.1447
000005656_1775.jpg,2,0.1775
000002139_2555.jpg,2,0.2556
000001356_1269.jpg,39,0.1270
0000014291_1281.jpg,39,0.1282
0000027883_1399.jpg,41,0.1399
000009736_2403.jpg,2,0.2404
0000026237_1985.jpg,39,0.1986
0000031993_1231.jpg,39,0.1232
000004560_1390.jpg,5,0.1390
0000015414_1454.jpg,2,0.1454
000004789_1217.jpg,11,0.1217
000004945_1306.jpg,6,0.1307
0000028781_1374.jpg,44,0.1374
0000020493_1476.jpg,5,0.1476
0000015428_1510.jpg,5,0.1511
0000024193_1594.jpg,44,0.1594
0000022290_1270.jpg,19,0.1270
000001154_1329.jpg,2,0.1329
000003743_1233.jpg,2,0.1233
0000023603_1295.jpg,39,0.1295
0000021014_1254.jpg,2,0.1255
0000023617_1503.jpg,39,0.1504
0000022247_1704.jpg,44,0.1705
000002461_1981.jpg,13,0.1981
000009534_1358.jpg,2,0.1358
000006161_1541.jpg,39,0.1541
0000029474_1492.jpg,44,0.1492
0000028018_1649.jpg,44,0.1650
00000773_1216.jpg,5,0.1217
000003186_1397.jpg,2,0.1397
0000019366_1232.jpg,39,0.1232
0000027277_1245.jpg,39,0.1245
00000968_1414.jpg,2,0.1414
000005520_1520.jpg,2,0.1521
000008004_1264.jpg,2,0.1265
000001746_1415.jpg,35,0.1416
0000033570_1647.jpg,8,0.1647
000003623_1405.jpg,2,0.1405
000009468_1717.jpg,2,0.1717
000004164_1283.jpg,5,0.1283
0000016928_1489.jpg,44,0.1489
000009326_1447.jpg,2,0.1448
0000012582_2157.jpg,2,0.2158
000009332_1749.jpg,29,0.1750
0000020530_1441.jpg,34,0.1442
0000024756_1369.jpg,39,0.1369
0000025448_2244.jpg,18,0.2245
0000017613_1734.jpg,2,0.1734
00000571_1385.jpg,2,0.1386
0000030290_1336.jpg,5,0.1336
0000015038_2417.jpg,2,0.2417
0000025845_1659.jpg,39,0.1659
0000016257_1545.jpg,5,0.1546
000009695_1258.jpg,2,0.1259
0000012025_1262.jpg,2,0.1262
0000015979_1227.jpg,14,0.1227
0000027075_2217.jpg,2,0.2218
0000010801_1400.jpg,2,0.1401
000003347_1416.jpg,5,0.1416
000008212_1248.jpg,39,0.1249
0000034035_1204.jpg,5,0.1204
0000017834_1470.jpg,13,0.1470
0000022642_1586.jpg,2,0.1586
0000027706_1337.jpg,2,0.1338
000005723_1597.jpg,2,0.1598
0000033767_1553.jpg,5,0.1553
0000028421_1228.jpg,44,0.1229
000003434_1235.jpg,35,0.1236
000009694_1258.jpg,2,0.1259
0000014333_1404.jpg,39,0.1404
000009858_1238.jpg,5,0.1238
000009680_1393.jpg,2,0.1393
0000029924_1220.jpg,5,0.1221
000003391_1288.jpg,2,0.1289
000005086_1413.jpg,5,0.1414
000002931_1263.jpg,2,0.1263
0000020900_1876.jpg,35,0.1876
0000020525_1292.jpg,2,0.1292
000002514_1346.jpg,35,0.1346
000004603_1586.jpg,35,0.1586
0000010380_1612.jpg,2,0.1613
0000021175_1305.jpg,2,0.1305
000007444_1233.jpg,2,0.1234
0000020519_1441.jpg,34,0.1442
0000017362_1566.jpg,2,0.1567
000005284_1429.jpg,2,0.1429
0000031548_1255.jpg,39,0.1256
000003018_1339.jpg,8,0.1340
0000018870_1356.jpg,13,0.1356
0000018858_1356.jpg,13,0.1356
000006148_1265.jpg,34,0.1266
0000032069_1403.jpg,8,0.1403
0000028964_1868.jpg,39,0.1869
000001800_1202.jpg,1,0.1202
0000011_1232.jpg,2,0.1233
0000012352_2023.jpg,2,0.2024
0000024838_1377.jpg,2,0.1377
000007295_1413.jpg,2,0.1414
0000015367_1541.jpg,39,0.1542
000003959_1495.jpg,2,0.1496
000005119_3683.jpg,2,0.3684
0000016493_1650.jpg,44,0.1651
000006376_2101.jpg,2,0.2102
0000032257_1388.jpg,39,0.1388
0000032519_2075.jpg,39,0.2076
000005657_1775.jpg,2,0.1775
0000031004_1503.jpg,44,0.1504
0000028555_1245.jpg,44,0.1246
000005131_1359.jpg,9,0.1359
0000012150_1351.jpg,41,0.1352
000007915_1870.jpg,39,0.1871
0000010747_1319.jpg,2,0.1319
0000014253_1479.jpg,35,0.1480
0000024390_1573.jpg,39,0.1574
000005858_1871.jpg,2,0.1872
0000011303_1206.jpg,5,0.1206
00000362_1614.jpg,2,0.1614
0000022905_1203.jpg,4,0.1203
000002845_1759.jpg,2,0.1759
0000010734_2473.jpg,5,0.2474
0000026292_1433.jpg,2,0.1433
0000012679_1236.jpg,2,0.1237
00000463_1590.jpg,9,0.1591
000009022_1302.jpg,2,0.1303
0000028532_2320.jpg,39,0.2320
000001330_1537.jpg,35,0.1537
000007033_1506.jpg,2,0.1507
0000019274_1886.jpg,35,0.1887
000009591_1406.jpg,35,0.1406
0000032783_1358.jpg,39,0.1359
000009585_1248.jpg,2,0.1248
0000010522_1225.jpg,44,0.1226
00000113_2209.jpg,2,0.2209
0000024863_1406.jpg,39,0.1406
00000846_1427.jpg,39,0.1427
0000024888_1224.jpg,2,0.1225
000005368_1899.jpg,2,0.1899
0000024136_1538.jpg,8,0.1538
000002361_1434.jpg,2,0.1435
0000015499_1367.jpg,2,0.1368
000008880_1554.jpg,35,0.1554
0000014977_1254.jpg,35,0.1255
0000030619_1226.jpg,34,0.1226
0000021072_1735.jpg,5,0.1735
0000033462_1320.jpg,8,0.1321
000009397_1314.jpg,2,0.1314
000008089_2183.jpg,2,0.2184
0000017311_1448.jpg,2,0.1449
0000018022_1279.jpg,38,0.1279
0000032807_1374.jpg,5,0.1374
0000013605_1246.jpg,2,0.1246
000001091_1538.jpg,2,0.1538
0000020542_1249.jpg,39,0.1250
000002215_1206.jpg,39,0.1206
0000022427_1406.jpg,5,0.1406
0000024730_2018.jpg,2,0.2018
0000010495_1366.jpg,35,0.1366
0000026669_1216.jpg,2,0.1216
000007345_1255.jpg,39,0.1256
0000034090_1242.jpg,2,0.1242
0000017649_1230.jpg,39,0.1230
0000022180_1279.jpg,5,0.1280
000007190_1282.jpg,13,0.1283
0000013375_1477.jpg,38,0.1478
000003484_1773.jpg,2,0.1773
0000029957_1236.jpg,44,0.1237
000002771_1292.jpg,2,0.1292
0000010683_1250.jpg,34,0.1250
0000032350_1322.jpg,39,0.1322
0000015089_1423.jpg,2,0.1423
0000029980_1488.jpg,39,0.1489
0000031671_1232.jpg,44,0.1233
000001244_1657.jpg,2,0.1657
0000021310_1332.jpg,38,0.1332
000006258_1327.jpg,35,0.1327
0000018584_1732.jpg,2,0.1733
0000010866_1588.jpg,5,0.1589
0000034052_1750.jpg,39,0.1751
000002770_1698.jpg,2,0.1699
0000015711_2000.jpg,2,0.2000
000001292_1336.jpg,44,0.1336
0000016218_1231.jpg,8,0.1232
0000014369_1452.jpg,11,0.1453
000005792_1676.jpg,2,0.1677
0000020966_1240.jpg,39,0.1240
000007807_1865.jpg,2,0.1866
0000014355_1213.jpg,35,0.1213
000005976_1332.jpg,13,0.1332
0000010899_1907.jpg,39,0.1908
000003650_1296.jpg,2,0.1297
0000016973_1228.jpg,2,0.1229
0000018976_1591.jpg,39,0.1592
0000021649_2827.jpg,2,0.2828
0000012297_1204.jpg,2,0.1205
00000933_2437.jpg,35,0.2438
000002214_1354.jpg,2,0.1355
000002599_1321.jpg,13,0.1322
0000015507_1262.jpg,34,0.1262
000007393_1292.jpg,43,0.1293
0000011007_1685.jpg,2,0.1686
000008088_1345.jpg,2,0.1345
0000010331_1292.jpg,13,0.1293
0000016026_1336.jpg,39,0.1336
0000021852_1400.jpg,2,0.1401
0000016032_1212.jpg,39,0.1213
0000026697_1887.jpg,38,0.1887
000008665_1357.jpg,2,0.1357
000001669_1452.jpg,2,0.1453
000004922_1206.jpg,44,0.1207
0000028094_1409.jpg,39,0.1410
0000025598_1482.jpg,35,0.1482
00000884_1259.jpg,18,0.1259
0000014037_1385.jpg,5,0.1386
0000023300_1335.jpg,2,0.1336
000007740_1454.jpg,2,0.1455
000009745_1249.jpg,5,0.1250
0000032543_1281.jpg,46,0.1282
0000012693_1256.jpg,2,0.1256
00000476_1555.jpg,35,0.1555
0000028282_2504.jpg,8,0.2505
00000304_1402.jpg,35,0.1402
000002823_1219.jpg,2,0.1220
000008498_1295.jpg,39,0.1295
0000012888_1390.jpg,2,0.1391
0000014235_1216.jpg,39,0.1217
0000019061_1591.jpg,39,0.1591
000009784_2201.jpg,2,0.2202
000005814_1333.jpg,2,0.1334
0000027825_1213.jpg,39,0.1214
000007959_1449.jpg,9,0.1450
0000013564_1292.jpg,2,0.1293
0000024323_1322.jpg,2,0.1322
0000026252_1449.jpg,11,0.1450
000004263_1525.jpg,2,0.1525
0000022746_1486.jpg,39,0.1486
0000029149_1354.jpg,46,0.1354
000009586_1233.jpg,39,0.1234
0000075_3447.jpg,2,0.3448
0000030183_1417.jpg,39,0.1417
0000028914_1262.jpg,24,0.1263
0000019277_1369.jpg,35,0.1370
00000104_1398.jpg,2,0.1399
0000011171_1270.jpg,39,0.1270
000006845_1717.jpg,9,0.1717
0000018155_1570.jpg,38,0.1571
0000030632_1823.jpg,2,0.1824
000001119_1744.jpg,2,0.1745
000009223_1769.jpg,2,0.1769
0000012487_1330.jpg,43,0.1331
0000029377_1324.jpg,44,0.1324
000002404_2211.jpg,2,0.2212
000004075_1902.jpg,2,0.1903
0000031510_1392.jpg,39,0.1393
0000023114_1866.jpg,2,0.1866
0000020409_1376.jpg,42,0.1377
0000010333_1436.jpg,5,0.1437
0000011039_2209.jpg,2,0.2209
000007385_1414.jpg,39,0.1415
0000015277_1944.jpg,2,0.1945
0000011950_2027.jpg,2,0.2028
000009357_2840.jpg,2,0.2840
0000033529_1405.jpg,34,0.1406
000003108_1945.jpg,2,0.1945
0000016795_1250.jpg,35,0.1250
000007408_1362.jpg,35,0.1363
0000021887_1881.jpg,39,0.1882
000007420_1386.jpg,5,0.1387
000004129_1405.jpg,5,0.1405
000005551_1339.jpg,35,0.1340
000003134_1378.jpg,41,0.1379
0000025405_1245.jpg,39,0.1246
000001045_1352.jpg,39,0.1352
0000030587_1448.jpg,8,0.1449
0000027789_2413.jpg,39,0.2413
0000018551_1428.jpg,2,0.1428
0000015707_1641.jpg,2,0.1642
000007193_1318.jpg,39,0.1319
000004471_2278.jpg,2,0.2278
0000032435_1576.jpg,2,0.1577
000006514_1407.jpg,2,0.1408
000009141_1424.jpg,39,0.1425
000001521_1722.jpg,38,0.1722
000007637_1233.jpg,2,0.1234
000002983_1217.jpg,5,0.1217
000006515_3229.jpg,2,0.3230
000004316_1223.jpg,35,0.1224
0000032352_1225.jpg,39,0.1226
0000015706_1654.jpg,2,0.1655
000003492_2105.jpg,5,0.2105
0000028487_1239.jpg,5,0.1239
000006298_1574.jpg,11,0.1574
00000267_4784.jpg,2,0.4785
0000018550_1525.jpg,34,0.1526
000005949_1298.jpg,2,0.1299
000009815_2826.jpg,2,0.2827
00000529_1867.jpg,2,0.1868
0000032391_1256.jpg,5,0.1256
0000023061_1629.jpg,39,0.1629
0000014183_1293.jpg,2,0.1293
0000032622_1477.jpg,39,0.1478
0000021886_1447.jpg,2,0.1448
0000011951_1451.jpg,5,0.1451
000006703_1529.jpg,39,0.1530
000004114_1461.jpg,8,0.1461
0000014197_1257.jpg,39,0.1258
0000022425_1283.jpg,34,0.1283
0000018975_1932.jpg,2,0.1932
0000020232_3798.jpg,2,0.3798
0000019458_1241.jpg,39,0.1242
000003848_1330.jpg,39,0.1330
0000017313_1247.jpg,35,0.1247
0000030790_1211.jpg,18,0.1212
0000014632_1453.jpg,5,0.1453
0000012243_2357.jpg,2,0.2357
000006918_1301.jpg,41,0.1301
0000012525_1429.jpg,2,0.1429
000003733_1226.jpg,11,0.1227
0000022223_1385.jpg,2,0.1386
000007569_2870.jpg,35,0.2870
0000023129_1253.jpg,13,0.1253
0000010285_3613.jpg,2,0.3613
00000105_1398.jpg,2,0.1399
0000026904_1262.jpg,39,0.1262
0000014008_1450.jpg,13,0.1450
0000024875_1406.jpg,39,0.1406
0000010508_1343.jpg,2,0.1344
000007596_2127.jpg,2,0.2127
00000677_1238.jpg,39,0.1239
0000030814_1266.jpg,5,0.1266
0000048_1645.jpg,2,0.1645
000001681_1230.jpg,35,0.1230
0000020391_1354.jpg,39,0.1354
000001871_1656.jpg,2,0.1657
000008855_1392.jpg,2,0.1392
0000014746_1609.jpg,2,0.1610
0000016637_1407.jpg,35,0.1407
0000010911_1760.jpg,2,0.1760
0000021272_2068.jpg,2,0.2069
000004538_1615.jpg,39,0.1616
0000031075_1647.jpg,43,0.1648
000008464_1579.jpg,2,0.1580
0000024336_1526.jpg,39,0.1527
000006307_1290.jpg,44,0.1291
0000030343_1283.jpg,44,0.1284
0000020144_1211.jpg,2,0.1212
000002820_1248.jpg,34,0.1248
0000029821_1955.jpg,2,0.1956
000005183_1243.jpg,44,0.1243
000009961_1497.jpg,2,0.1497
000009949_1492.jpg,2,0.1492
000005815_1899.jpg,2,0.1899
000002830_1292.jpg,9,0.1293
0000018434_1297.jpg,2,0.1297
0000019064_1224.jpg,2,0.1225
0000030390_1255.jpg,39,0.1256
0000031065_1647.jpg,43,0.1648
0000033114_1231.jpg,34,0.1232
0000020154_1644.jpg,44,0.1645
0000011389_1571.jpg,5,0.1572
0000017920_1267.jpg,2,0.1267
000006465_1300.jpg,2,0.1301
0000013011_1200.jpg,5,0.1201
0000014024_1342.jpg,39,0.1343
0000023688_1295.jpg,2,0.1296
0000021921_1501.jpg,2,0.1502
0000024695_1535.jpg,2,0.1536
000009597_1287.jpg,35,0.1287
0000014781_1822.jpg,2,0.1823
0000011821_1213.jpg,44,0.1214
000001108_1204.jpg,24,0.1205
0000016182_2107.jpg,5,0.2108
000007380_1378.jpg,39,0.1378
0000010478_1484.jpg,2,0.1485
00000713_1872.jpg,2,0.1872
0000032829_1289.jpg,8,0.1290
0000020593_1669.jpg,2,0.1670
0000020587_1552.jpg,35,0.1552
0000014144_1321.jpg,5,0.1321
0000013818_1236.jpg,2,0.1237
000001054_2155.jpg,2,0.2155
000005232_1324.jpg,38,0.1325
0000031475_1585.jpg,44,0.1586
0000022421_1202.jpg,9,0.1202
0000012284_1379.jpg,2,0.1379
0000032140_1216.jpg,35,0.1217
0000014187_1304.jpg,35,0.1305
000008058_1441.jpg,46,0.1441
0000030031_1300.jpg,39,0.1301
000009811_1691.jpg,39,0.1691
0000015716_1454.jpg,2,0.1455
00000263_1465.jpg,2,0.1466
000002950_2479.jpg,13,0.2480
000002788_1244.jpg,2,0.1245
0000010652_1768.jpg,2,0.1769
0000016545_1330.jpg,14,0.1330
0000022192_1320.jpg,46,0.1320
0000025616_1871.jpg,39,0.1872
0000028332_1238.jpg,39,0.1239
000006539_2552.jpg,2,0.2552
000007141_1637.jpg,2,0.1638
0000018597_1763.jpg,39,0.1764
0000026323_1353.jpg,44,0.1353
0000012086_2196.jpg,38,0.2197
000009150_1386.jpg,35,0.1387
0000020034_1950.jpg,2,0.1951
000007169_1367.jpg,2,0.1368
0000020747_1484.jpg,44,0.1484
0000033049_1937.jpg,39,0.1938
0000012087_1261.jpg,35,0.1261
000002004_1228.jpg,2,0.1228
0000014390_1989.jpg,2,0.1990
0000028441_1728.jpg,2,0.1728
000002986_1371.jpg,2,0.1371
0000027766_2244.jpg,44,0.2244
0000014421_1630.jpg,2,0.1631
000005958_1459.jpg,2,0.1460
00000276_1767.jpg,39,0.1768
000001280_1483.jpg,2,0.1483
000003497_1250.jpg,35,0.1251
0000022434_1283.jpg,34,0.1283
000006060_2090.jpg,2,0.2090
0000016785_1688.jpg,35,0.1689
0000027216_1257.jpg,36,0.1257
000001082_1258.jpg,29,0.1258
0000017316_1282.jpg,8,0.1282
00000841_1246.jpg,2,0.1246
0000029415_1393.jpg,39,0.1394
0000023886_1301.jpg,17,0.1302
000006114_1580.jpg,2,0.1581
0000022232_1291.jpg,2,0.1292
000001135_2781.jpg,2,0.2782
000008677_1363.jpg,41,0.1364
0000011808_1438.jpg,44,0.1439
0000021061_1735.jpg,5,0.1735
000005421_1298.jpg,39,0.1298
00000128_1360.jpg,2,0.1361
0000018179_1587.jpg,39,0.1588
0000016154_1458.jpg,39,0.1458
0000013004_1279.jpg,2,0.1280
00000666_1743.jpg,2,0.1743
000001690_1384.jpg,2,0.1384
0000029398_1235.jpg,2,0.1236
0000017921_1381.jpg,5,0.1382
0000011388_1333.jpg,2,0.1333
0000028509_1357.jpg,5,0.1358
0000020155_1644.jpg,44,0.1645
0000015850_1568.jpg,2,0.1568
000003508_1804.jpg,2,0.1804
0000014582_1434.jpg,13,0.1434
0000021539_1460.jpg,5,0.1460
000001479_1219.jpg,5,0.1220
000002170_1312.jpg,41,0.1313
0000028535_2182.jpg,39,0.2182
0000031716_1480.jpg,39,0.1480
0000024496_1612.jpg,44,0.1613
000005804_1289.jpg,2,0.1289
0000029830_1730.jpg,5,0.1731
000001492_4087.jpg,2,0.4088
0000011411_1224.jpg,39,0.1225
0000018353_1295.jpg,2,0.1296
0000013206_1369.jpg,39,0.1370
000002825_1248.jpg,34,0.1248
000002831_1254.jpg,2,0.1255
0000019059_1292.jpg,2,0.1292
000003291_2031.jpg,2,0.2032
0000018423_1861.jpg,5,0.1862
0000016368_2011.jpg,38,0.2011
00000472_1467.jpg,2,0.1468
0000016432_1233.jpg,39,0.1233
0000023489_1566.jpg,26,0.1566
000009769_2015.jpg,8,0.2016
0000027162_1347.jpg,5,0.1347
000007022_1412.jpg,2,0.1413
0000024331_1268.jpg,5,0.1268
000006472_3020.jpg,2,0.3021
0000022032_1223.jpg,35,0.1223
000004932_2041.jpg,39,0.2041
00000664_1291.jpg,1,0.1292
000006843_1200.jpg,8,0.1201
000003091_1207.jpg,9,0.1208
0000014999_1305.jpg,39,0.1306
0000013748_1226.jpg,2,0.1227
0000028906_1262.jpg,24,0.1263
000007220_1420.jpg,2,0.1421
000003720_1302.jpg,39,0.1303
0000027360_1900.jpg,36,0.1901
000006880_1358.jpg,2,0.1358
000007552_1296.jpg,2,0.1296
0000016817_1230.jpg,39,0.1230
0000013947_1229.jpg,2,0.1229
000006664_1496.jpg,13,0.1496
0000015488_1613.jpg,39,0.1613
0000032037_1537.jpg,13,0.1537
0000022556_1407.jpg,39,0.1407
0000024906_1306.jpg,39,0.1306
0000013172_1624.jpg,9,0.1624
0000030967_1654.jpg,46,0.1655
00000704_2302.jpg,2,0.2302
0000016750_2021.jpg,35,0.2022
0000011981_1351.jpg,2,0.1351
0000020584_3445.jpg,2,0.3446
000007432_1208.jpg,45,0.1208
0000018796_1203.jpg,39,0.1204
0000013833_1289.jpg,39,0.1289
0000025359_1590.jpg,5,0.1591
0000018966_1472.jpg,2,0.1472
0000016793_2288.jpg,35,0.2288
000006710_1722.jpg,2,0.1722
0000022344_1338.jpg,39,0.1339
0000032631_1244.jpg,39,0.1245
0000024053_1206.jpg,39,0.1206
00000512_1540.jpg,2,0.1541
00000274_1411.jpg,39,0.1411
0000015073_1443.jpg,35,0.1443
0000013402_1534.jpg,2,0.1534
0000010645_1223.jpg,8,0.1223
0000024286_1445.jpg,39,0.1445
0000022185_1202.jpg,2,0.1203
000007803_1265.jpg,5,0.1265
0000010862_2032.jpg,44,0.2033
000007156_1599.jpg,39,0.1599
0000014393_1336.jpg,5,0.1337
000004310_1484.jpg,5,0.1485
000001268_1234.jpg,11,0.1235
0000012090_1328.jpg,2,0.1329
000001532_1930.jpg,2,0.1930
0000027003_1305.jpg,35,0.1306
000005032_1982.jpg,38,0.1982
0000025166_1450.jpg,39,0.1451
0000024278_1419.jpg,5,0.1419
0000025833_1279.jpg,5,0.1280
0000017895_1202.jpg,5,0.1202
0000012735_1364.jpg,41,0.1365
000001283_1626.jpg,2,0.1627
00000513_1540.jpg,2,0.1541
0000013417_1522.jpg,38,0.1522
0000017671_1318.jpg,39,0.1318
0000022351_1551.jpg,2,0.1551
0000024720_1668.jpg,2,0.1669
000005230_1246.jpg,39,0.1247
0000028654_1393.jpg,35,0.1394
000007341_1217.jpg,41,0.1218
0000014807_1786.jpg,2,0.1786
00000739_1808.jpg,2,0.1808
000009387_1235.jpg,2,0.1236
0000019304_1507.jpg,39,0.1507
0000010446_1233.jpg,24,0.1233
000003872_1256.jpg,39,0.1257
00000705_2679.jpg,35,0.2680
000004847_1320.jpg,35,0.1320
000003696_1245.jpg,2,0.1246
0000030147_1650.jpg,2,0.1650
0000012480_1331.jpg,35,0.1332
0000032988_1321.jpg,2,0.1322
000005422_3313.jpg,2,0.3314
000007547_1720.jpg,5,0.1721
0000033499_1254.jpg,5,0.1255
0000019516_1300.jpg,38,0.1301
0000015462_1465.jpg,24,0.1465
0000018152_1446.jpg,39,0.1447
00000665_1408.jpg,2,0.1408
0000020624_1398.jpg,19,0.1399
000009998_1431.jpg,2,0.1431
000007779_1315.jpg,6,0.1316
000007745_2155.jpg,2,0.2155
000007023_2227.jpg,2,0.2228
000005634_1373.jpg,2,0.1374
0000012133_1252.jpg,44,0.1253
000009967_1577.jpg,5,0.1578
000007786_1950.jpg,2,0.1950
0000029194_1410.jpg,39,0.1410
0000010701_1309.jpg,26,0.1310
0000013234_3206.jpg,2,0.3206
0000032577_1213.jpg,34,0.1213
000008309_1483.jpg,8,0.1483
000004255_1340.jpg,2,0.1340
0000024467_1598.jpg,2,0.1598
0000022016_1223.jpg,35,0.1223
000005639_1207.jpg,2,0.1208
0000025037_2130.jpg,2,0.2130
000005611_1258.jpg,39,0.1259
000003260_1307.jpg,9,0.1308
0000025989_1254.jpg,8,0.1255
000008453_1493.jpg,2,0.1493
0000017085_1244.jpg,39,0.1244
0000031730_1681.jpg,38,0.1681
0000010098_1259.jpg,11,0.1259
000006683_1427.jpg,2,0.1427
0000029396_1517.jpg,2,0.1518
0000043_1221.jpg,2,0.1222
0000010265_1728.jpg,2,0.1728
0000027387_1634.jpg,35,0.1635
000004902_1528.jpg,2,0.1529
0000030189_1271.jpg,8,0.1271
0000015447_1213.jpg,2,0.1214
000002426_1222.jpg,5,0.1222
000002340_1447.jpg,2,0.1447
0000020365_1578.jpg,13,0.1579
000008679_1229.jpg,41,0.1229
0000032007_1365.jpg,39,0.1366
0000024895_1354.jpg,5,0.1355
000001661_1288.jpg,39,0.1289
0000023136_1361.jpg,20,0.1362
000001098_1311.jpg,2,0.1312
0000016012_1331.jpg,35,0.1331
0000010305_2016.jpg,2,0.2016
000008916_1290.jpg,18,0.1291
0000033286_1523.jpg,39,0.1523
0000013630_1357.jpg,9,0.1358
000003894_1218.jpg,5,0.1219
000002552_1483.jpg,13,0.1483
000004889_1325.jpg,2,0.1326
0000023718_1809.jpg,2,0.1810
0000026660_1333.jpg,43,0.1334
0000026106_1414.jpg,2,0.1415
000006720_1236.jpg,39,0.1237
0000024739_1535.jpg,2,0.1535
0000028665_1393.jpg,35,0.1394
000007364_1411.jpg,29,0.1412
000003664_1464.jpg,39,0.1464
000007833_1505.jpg,2,0.1505
0000016238_1357.jpg,44,0.1358
0000022823_1204.jpg,5,0.1205
0000032403_1359.jpg,36,0.1359
0000020007_1510.jpg,44,0.1511
000008269_1684.jpg,35,0.1684
000005995_2788.jpg,2,0.2788
000007172_1436.jpg,2,0.1436
0000027754_1416.jpg,39,0.1416
0000021457_1307.jpg,42,0.1307
000002778_1211.jpg,2,0.1211
000004309_1313.jpg,2,0.1314
000003466_1623.jpg,2,0.1623
000003300_1227.jpg,39,0.1228
0000015094_1305.jpg,39,0.1305
0000026339_1209.jpg,39,0.1210
0000027999_1948.jpg,2,0.1949
000005770_4562.jpg,2,0.4563
0000027755_1820.jpg,39,0.1821
00000292_1527.jpg,2,0.1528
000004334_1331.jpg,35,0.1331
0000010890_1587.jpg,44,0.1588
0000015730_1660.jpg,2,0.1661
00000251_1630.jpg,2,0.1631
0000011224_1285.jpg,38,0.1286
000007826_1393.jpg,2,0.1394
0000016205_1732.jpg,35,0.1733
00000279_1354.jpg,2,0.1354
000004485_1212.jpg,2,0.1212
000005943_2081.jpg,2,0.2081
000003103_1328.jpg,42,0.1328
0000026885_1223.jpg,44,0.1224
000001072_1217.jpg,2,0.1217
0000021640_1941.jpg,39,0.1941
0000027557_1670.jpg,11,0.1671
0000022375_1762.jpg,35,0.1762
000004122_1851.jpg,2,0.1852
0000026675_1904.jpg,2,0.1905
000009360_1248.jpg,2,0.1248
0000018764_1401.jpg,35,0.1402
0000028062_1352.jpg,2,0.1353
0000024894_3122.jpg,2,0.3123
000008650_1620.jpg,2,0.1620
0000022215_1202.jpg,2,0.1202
0000020402_2052.jpg,39,0.2052
0000011807_1477.jpg,35,0.1478
00000866_1372.jpg,39,0.1373
000005348_1954.jpg,2,0.1954
000002427_1946.jpg,1,0.1946
0000022567_1407.jpg,39,0.1407
0000011620_1201.jpg,26,0.1201
0000010502_1501.jpg,5,0.1502
000006682_1563.jpg,11,0.1564
0000017090_1580.jpg,2,0.1581
0000027635_1218.jpg,2,0.1218
000005610_1243.jpg,2,0.1243
000001476_1584.jpg,38,0.1585
000008334_2805.jpg,2,0.2805
000003249_4105.jpg,2,0.4106
000005638_2358.jpg,2,0.2359
000006443_1259.jpg,5,0.1259
000009770_1265.jpg,29,0.1266
0000011350_1538.jpg,11,0.1538
000008491_1313.jpg,2,0.1313
0000015678_1576.jpg,2,0.1576
0000019730_1630.jpg,44,0.1631
0000019056_1202.jpg,2,0.1202
0000031902_1671.jpg,9,0.1672
000004297_1382.jpg,5,0.1382
0000014202_1202.jpg,13,0.1203
0000012673_1418.jpg,35,0.1418
0000010702_1360.jpg,13,0.1360
0000014564_1478.jpg,39,0.1478
000004295_1259.jpg,38,0.1260
000007944_1491.jpg,2,0.1491
00000333_1953.jpg,18,0.1953
000007978_1930.jpg,2,0.1931
0000011352_1228.jpg,2,0.1228
0000024470_1364.jpg,39,0.1364
000004256_1273.jpg,8,0.1274
0000029632_2067.jpg,8,0.2068
000005606_1435.jpg,2,0.1436
0000028276_1461.jpg,44,0.1461
0000028510_1279.jpg,2,0.1280
0000013586_1220.jpg,2,0.1220
0000013021_1247.jpg,35,0.1248
0000024855_1280.jpg,5,0.1281
0000027384_1259.jpg,2,0.1260
0000020400_1248.jpg,39,0.1249
000004726_1315.jpg,2,0.1315
000009202_2203.jpg,2,0.2204
0000029430_2117.jpg,5,0.2117
000003713_1294.jpg,8,0.1294
000007213_1264.jpg,5,0.1265
0000032986_1219.jpg,39,0.1219
0000025222_1266.jpg,39,0.1267
000001110_1204.jpg,24,0.1205
000003840_1349.jpg,2,0.1350
000002586_1702.jpg,35,0.1702
0000010474_1263.jpg,29,0.1264
000006938_1441.jpg,2,0.1441
0000012505_3411.jpg,2,0.3411
0000023900_1695.jpg,26,0.1696
0000023914_1273.jpg,36,0.1273
00000723_1736.jpg,35,0.1736
000004875_1251.jpg,39,0.1252
0000011030_1296.jpg,11,0.1296
0000029222_1479.jpg,2,0.1480
000005216_1718.jpg,38,0.1719
0000021656_3109.jpg,2,0.3110
000008732_1208.jpg,44,0.1209
0000027541_1537.jpg,24,0.1537
0000015068_1539.jpg,2,0.1540
0000011568_1281.jpg,44,0.1281
0000019120_1493.jpg,2,0.1494
000009821_1916.jpg,39,0.1916
0000013431_1443.jpg,2,0.1443
000004450_1330.jpg,39,0.1331
000005982_1381.jpg,2,0.1382
0000020004_1334.jpg,34,0.1334
0000014389_1362.jpg,35,0.1363
0000032428_1576.jpg,2,0.1577
000001272_1200.jpg,2,0.1201
0000020992_1464.jpg,2,0.1465
000007171_2393.jpg,2,0.2394
0000022174_1351.jpg,44,0.1352
0000026312_1297.jpg,44,0.1297
000006252_1386.jpg,2,0.1386
0000012909_1259.jpg,44,0.1259
0000023518_1339.jpg,39,0.1339
000003458_1361.jpg,2,0.1361
0000033938_1588.jpg,39,0.1588
000008294_1319.jpg,2,0.1319
000002961_1325.jpg,18,0.1326
0000012074_1601.jpg,2,0.1601
000005940_1536.jpg,2,0.1536
000007372_1637.jpg,35,0.1637
000005565_1219.jpg,5,0.1219
000003672_1432.jpg,2,0.1432
0000026138_1212.jpg,39,0.1213
000004109_1218.jpg,5,0.1219
00000911_1413.jpg,2,0.1414
0000022362_1762.jpg,35,0.1762
00000905_2118.jpg,2,0.2119
0000022404_1210.jpg,29,0.1210
0000011025_1448.jpg,13,0.1449
0000018001_1588.jpg,2,0.1588
000004874_1255.jpg,2,0.1255
0000010307_1294.jpg,5,0.1295
0000016776_1742.jpg,35,0.1743
0000018175_1405.jpg,5,0.1406
0000027385_1647.jpg,5,0.1647
0000021938_2451.jpg,2,0.2451
000001850_3166.jpg,2,0.3166
0000012302_2031.jpg,18,0.2032
0000018149_1268.jpg,5,0.1269
000009997_1332.jpg,9,0.1332
000001461_1692.jpg,2,0.1692
0000017093_1244.jpg,39,0.1244
000007986_1261.jpg,2,0.1261
000006326_1247.jpg,11,0.1247
0000033694_1211.jpg,34,0.1212
0000011347_2470.jpg,2,0.2470
000009798_1227.jpg,5,0.1227
000008486_3530.jpg,2,0.3530
0000033870_1929.jpg,8,0.1930
0000027197_1395.jpg,5,0.1395
0000026289_1212.jpg,35,0.1213
0000022945_1346.jpg,5,0.1346
0000017726_1336.jpg,39,0.1337
0000031911_1268.jpg,2,0.1268
0000033860_1548.jpg,39,0.1548
0000027801_1353.jpg,39,0.1354
000002839_3045.jpg,2,0.3046
00000478_1290.jpg,2,0.1290
000008441_1643.jpg,39,0.1644
0000022992_1402.jpg,39,0.1402
0000021243_1436.jpg,5,0.1436
000002178_1439.jpg,2,0.1440
0000023440_1495.jpg,44,0.1496
0000017083_1852.jpg,2,0.1853
000009763_1592.jpg,5,0.1593
000007996_2183.jpg,2,0.2184
000009011_1405.jpg,2,0.1405
0000027395_1634.jpg,35,0.1635
0000018617_1224.jpg,39,0.1225
000004910_1423.jpg,35,0.1423
0000013742_1354.jpg,39,0.1354
0000019521_1280.jpg,9,0.1281
0000012312_1242.jpg,39,0.1242
000003925_1372.jpg,39,0.1372
000002385_1368.jpg,35,0.1368
0000010277_1423.jpg,5,0.1424
0000028703_1262.jpg,44,0.1263
0000023656_1240.jpg,2,0.1240
0000033323_1289.jpg,9,0.1289
0000031534_1203.jpg,39,0.1204
000001115_1211.jpg,39,0.1211
000003702_1808.jpg,2,0.1809
000005415_1408.jpg,13,0.1409
000001673_1456.jpg,5,0.1456
000002434_1370.jpg,2,0.1371
0000021069_1325.jpg,5,0.1325
0000024111_1222.jpg,39,0.1222
0000018011_1279.jpg,2,0.1280
0000031483_1570.jpg,44,0.1570
0000013150_1534.jpg,2,0.1534
000006915_1371.jpg,44,0.1372
00000732_1289.jpg,2,0.1289
000004694_1403.jpg,39,0.1403
0000032808_1698.jpg,44,0.1699
0000027544_1370.jpg,5,0.1371
0000033531_1282.jpg,39,0.1283
000001061_1229.jpg,39,0.1229
000007410_1396.jpg,5,0.1396
000002540_2112.jpg,2,0.2113
000006054_1698.jpg,35,0.1698
000002232_1304.jpg,39,0.1304
000007809_1244.jpg,2,0.1244
000002781_1759.jpg,9,0.1759
0000015079_1283.jpg,39,0.1284
000002795_1443.jpg,5,0.1443
0000021451_1252.jpg,38,0.1253
0000010854_1290.jpg,2,0.1290
0000024529_2114.jpg,2,0.2115
0000033055_1323.jpg,42,0.1323
000002018_2205.jpg,35,0.2205
0000031124_1256.jpg,39,0.1257
0000026458_1422.jpg,42,0.1423
000005763_1202.jpg,11,0.1203
0000013391_1281.jpg,39,0.1282
0000029742_1278.jpg,29,0.1278
0000022603_1456.jpg,2,0.1457
0000017860_1233.jpg,39,0.1233
0000027753_1444.jpg,39,0.1445
0000010699_1212.jpg,2,0.1212
000002794_1968.jpg,2,0.1968
000001289_1533.jpg,5,0.1533
0000013435_1555.jpg,35,0.1555
000009831_1523.jpg,2,0.1524
0000020955_1225.jpg,34,0.1225
0000011236_1234.jpg,39,0.1234
0000031469_1911.jpg,44,0.1911
000004642_1534.jpg,5,0.1534
000006055_1353.jpg,2,0.1353
000008078_1299.jpg,2,0.1299
000006041_1591.jpg,46,0.1591
000003139_1418.jpg,2,0.1418
000005548_1564.jpg,39,0.1564
0000023723_1602.jpg,44,0.1602
0000017486_1674.jpg,44,0.1675
000009428_1261.jpg,5,0.1261
000003663_1830.jpg,41,0.1831
0000010302_1291.jpg,39,0.1292
0000018992_1255.jpg,35,0.1256
0000016001_1258.jpg,39,0.1258
0000011746_1259.jpg,2,0.1259
0000013151_1242.jpg,11,0.1243
0000014158_2326.jpg,2,0.2327
0000022213_1307.jpg,5,0.1308
000008130_1281.jpg,2,0.1281
000007203_1216.jpg,5,0.1217
0000030159_1233.jpg,5,0.1233
0000027425_1344.jpg,2,0.1345
000005414_1238.jpg,2,0.1239
0000027431_1344.jpg,2,0.1345
000005366_1215.jpg,13,0.1215
000001699_1726.jpg,2,0.1726
0000026908_1840.jpg,24,0.1841
0000011140_1609.jpg,18,0.1609
0000013031_1247.jpg,35,0.1248
0000024474_2001.jpg,5,0.2001
000007983_1430.jpg,39,0.1431
000006451_1387.jpg,2,0.1387
0000022987_1903.jpg,35,0.1903
0000024448_1325.jpg,8,0.1325
0000015681_2864.jpg,2,0.2864
000007773_1816.jpg,2,0.1816
0000030429_1477.jpg,8,0.1478
0000029178_1203.jpg,2,0.1203
0000010921_1411.jpg,2,0.1411
0000032558_1264.jpg,44,0.1264
000005602_1282.jpg,2,0.1282
000003298_1209.jpg,5,0.1210
0000021295_1568.jpg,35,0.1568
00000451_1719.jpg,39,0.1720
0000017055_2480.jpg,2,0.2480
000005819_1621.jpg,2,0.1621
0000020837_1237.jpg,2,0.1238
0000013225_1819.jpg,41,0.1819
0000010738_1279.jpg,2,0.1279
0000014210_1485.jpg,39,0.1486
0000023325_1690.jpg,2,0.1691
00000484_1654.jpg,2,0.1654
000001472_1614.jpg,9,0.1614
0000022991_1498.jpg,2,0.1498
000007017_1885.jpg,39,0.1886
000009984_1499.jpg,35,0.1500
000007759_1229.jpg,2,0.1229
0000024310_1322.jpg,2,0.1322
000006321_1289.jpg,5,0.1290
0000024304_1854.jpg,38,0.1855
000004244_1391.jpg,2,0.1392
0000022013_1682.jpg,44,0.1682
000007995_2341.jpg,2,0.2341
0000020604_1342.jpg,24,0.1343
0000010248_1228.jpg,2,0.1228
0000021095_1232.jpg,44,0.1232
0000014990_1360.jpg,39,0.1360
000001670_1452.jpg,2,0.1453
000008132_1407.jpg,5,0.1408
0000015495_1262.jpg,34,0.1262
0000023133_1254.jpg,2,0.1255
000006123_1409.jpg,2,0.1410
000006645_1588.jpg,5,0.1588
000005358_1388.jpg,2,0.1388
0000018827_1222.jpg,35,0.1222
000008085_1320.jpg,2,0.1321
00000731_1289.jpg,2,0.1289
0000029595_1659.jpg,39,0.1660
0000018748_1362.jpg,2,0.1362
000004697_1355.jpg,2,0.1356
0000015287_1411.jpg,5,0.1411
0000017490_1397.jpg,2,0.1398
0000020228_1395.jpg,2,0.1396
000003885_3387.jpg,2,0.3388
0000015720_2978.jpg,2,0.2979
0000014358_1415.jpg,9,0.1416
0000017889_1690.jpg,2,0.1690
00000527_1443.jpg,2,0.1444
0000025807_1209.jpg,39,0.1210
000007188_1613.jpg,5,0.1614
0000028489_1304.jpg,39,0.1305
0000015708_1229.jpg,2,0.1230
000006269_1996.jpg,2,0.1996
0000024258_1581.jpg,35,0.1581
0000022629_1234.jpg,39,0.1234
000001512_1960.jpg,19,0.1961
0000031899_1224.jpg,39,0.1225
000003463_1471.jpg,35,0.1472
000009166_1281.jpg,24,0.1281
0000026473_1422.jpg,42,0.1423
000002741_1221.jpg,11,0.1222
000005985_1778.jpg,44,0.1779
000005775_1605.jpg,2,0.1605
0000011584_1223.jpg,39,0.1223
000002768_2330.jpg,2,0.2330
000005007_1240.jpg,35,0.1241
000006283_1302.jpg,39,0.1302
0000019655_1336.jpg,2,0.1336
0000010117_1224.jpg,2,0.1225
000003489_1237.jpg,2,0.1238
0000022199_1273.jpg,35,0.1274
0000023287_1252.jpg,44,0.1253
00000254_1516.jpg,2,0.1517
000002224_1274.jpg,2,0.1274
000003648_1548.jpg,2,0.1549
0000011792_1477.jpg,35,0.1478
000001088_2235.jpg,2,0.2236
000004696_2702.jpg,2,0.2703
0000019457_1314.jpg,29,0.1315
0000029594_1395.jpg,44,0.1396
0000016770_1286.jpg,35,0.1287
000003853_1259.jpg,39,0.1260
000006903_1989.jpg,41,0.1990
0000027585_1480.jpg,2,0.1481
0000020598_1665.jpg,35,0.1665
000005359_1215.jpg,39,0.1215
000007228_1287.jpg,2,0.1288
0000030166_2333.jpg,8,0.2333
00000863_1273.jpg,2,0.1273
000008899_1282.jpg,38,0.1283
000003714_1622.jpg,2,0.1623
000005365_1467.jpg,39,0.1467
0000019245_1674.jpg,2,0.1674
000002393_1531.jpg,2,0.1532
0000047_1645.jpg,2,0.1645
0000029392_1484.jpg,2,0.1485
0000026923_1840.jpg,24,0.1841
000009588_1605.jpg,39,0.1605
000006334_2879.jpg,2,0.2880
0000031708_1504.jpg,39,0.1504
000002620_2364.jpg,2,0.2364
0000029635_1462.jpg,5,0.1463
0000027618_1341.jpg,44,0.1341
0000027142_1293.jpg,2,0.1294
000005615_1616.jpg,2,0.1616
0000014205_1640.jpg,11,0.1640
0000023495_1491.jpg,2,0.1492
0000017724_1227.jpg,35,0.1227
0000015133_1320.jpg,35,0.1321
000002684_1626.jpg,35,0.1626
0000033805_1763.jpg,8,0.1764
0000025929_1847.jpg,39,0.1847
0000022934_1375.jpg,2,0.1376
0000010038_1797.jpg,2,0.1798
00000435_1712.jpg,2,0.1713
000002874_1465.jpg,5,0.1466
0000020676_1241.jpg,39,0.1241
0000017964_1623.jpg,5,0.1624
0000024376_1534.jpg,31,0.1535
000002135_1522.jpg,5,0.1523
0000024362_1413.jpg,9,0.1413
000006353_1207.jpg,40,0.1208
000003203_1406.jpg,24,0.1407
000007065_2343.jpg,2,0.2344
0000013294_1464.jpg,2,0.1465
0000013055_1432.jpg,34,0.1433
0000015424_1421.jpg,8,0.1422
0000018666_1332.jpg,2,0.1333
00000151_1888.jpg,2,0.1889
0000032716_2048.jpg,44,0.2048
000009510_1557.jpg,35,0.1557
0000032070_1403.jpg,8,0.1403
000009504_1226.jpg,39,0.1226
000003029_1296.jpg,2,0.1296
0000013082_1266.jpg,2,0.1267
000001170_2392.jpg,2,0.2393
0000031551_1415.jpg,2,0.1416
000001602_1215.jpg,5,0.1216
000001945_1867.jpg,2,0.1868
000006794_1877.jpg,38,0.1878
0000028835_1296.jpg,2,0.1297
0000031394_1393.jpg,35,0.1393
0000017435_1275.jpg,8,0.1275
000006970_1646.jpg,35,0.1646
000007449_1314.jpg,39,0.1314
000006743_1499.jpg,2,0.1499
000002243_1234.jpg,2,0.1235
0000033568_1647.jpg,8,0.1647
0000010399_1449.jpg,9,0.1450
0000011087_1655.jpg,11,0.1655
000003613_1715.jpg,2,0.1715
000007461_1342.jpg,39,0.1343
000002519_1315.jpg,2,0.1315
0000024028_1395.jpg,44,0.1396
000006596_1253.jpg,2,0.1253
0000010602_1291.jpg,9,0.1292
0000011508_1317.jpg,5,0.1317
0000029097_1651.jpg,35,0.1652
00000555_1420.jpg,2,0.1420
0000021391_1404.jpg,2,0.1404
0000025849_1279.jpg,5,0.1280
000002733_1554.jpg,2,0.1554
000001548_2953.jpg,2,0.2954
0000018289_1445.jpg,2,0.1445
0000031633_1250.jpg,39,0.1251
0000033742_1233.jpg,36,0.1234
0000022897_2297.jpg,39,0.2297
0000015949_1543.jpg,44,0.1543
0000029068_1238.jpg,39,0.1239
0000012941_1249.jpg,2,0.1249
0000015790_1279.jpg,40,0.1280
0000022128_1251.jpg,39,0.1251
0000015784_1308.jpg,42,0.1309
0000013493_2138.jpg,2,0.2139
000001549_1423.jpg,5,0.1423
0000026400_1263.jpg,8,0.1264
000002040_1577.jpg,2,0.1578
000004431_1384.jpg,34,0.1385
000005049_1756.jpg,2,0.1757
0000019196_1497.jpg,40,0.1498
0000011253_1438.jpg,39,0.1438
0000012982_1462.jpg,4,0.1463
000005908_1206.jpg,39,0.1206
0000025684_1355.jpg,2,0.1355
0000018505_1269.jpg,39,0.1270
0000013478_1399.jpg,39,0.1400
000002083_1484.jpg,2,0.1485
000007851_1627.jpg,2,0.1628
000001011_1366.jpg,29,0.1367
0000024029_1541.jpg,44,0.1541
000005263_1550.jpg,2,0.1551
0000020515_1373.jpg,2,0.1374
000002256_2512.jpg,2,0.2513
0000030712_1285.jpg,39,0.1286
00000971_1373.jpg,43,0.1373
000001039_1832.jpg,2,0.1833
0000026825_1559.jpg,8,0.1560
00000756_1501.jpg,2,0.1501
0000019357_1435.jpg,8,0.1435
000001944_1910.jpg,2,0.1910
0000011079_1268.jpg,2,0.1268
0000014667_1207.jpg,5,0.1208
0000015579_1204.jpg,8,0.1205
0000026992_1338.jpg,2,0.1338
0000031236_1261.jpg,39,0.1261
0000028773_1377.jpg,39,0.1377
0000020449_1505.jpg,42,0.1505
000004009_1322.jpg,2,0.1323
000002478_1386.jpg,2,0.1387
0000030100_1343.jpg,39,0.1344
00000805_2452.jpg,2,0.2453
000001818_1414.jpg,35,0.1414
000004974_1566.jpg,39,0.1567
0000015357_1226.jpg,39,0.1227
0000019237_2064.jpg,42,0.2064
0000021_1324.jpg,2,0.1325
000008425_1875.jpg,35,0.1875
000003570_1436.jpg,5,0.1436
0000023342_1202.jpg,8,0.1202
0000015196_1226.jpg,39,0.1226
000005883_1389.jpg,29,0.1390
0000024405_1465.jpg,44,0.1465
0000017965_1414.jpg,9,0.1415
0000015141_1324.jpg,39,0.1324
0000031791_1233.jpg,39,0.1234
0000025928_1847.jpg,39,0.1847
000005698_1296.jpg,2,0.1297
0000010763_1863.jpg,2,0.1864
0000012174_1430.jpg,2,0.1430
0000017018_1558.jpg,36,0.1558
0000013268_1289.jpg,5,0.1289
000004584_1349.jpg,2,0.1350
00000378_1208.jpg,5,0.1208
0000014513_1206.jpg,5,0.1207
0000011443_1357.jpg,2,0.1357
0000031793_1206.jpg,39,0.1206
0000016338_1341.jpg,2,0.1341
000001359_1467.jpg,2,0.1468
0000019786_1942.jpg,8,0.1942
000006350_1283.jpg,2,0.1284
000006344_1611.jpg,2,0.1611
000002122_1939.jpg,35,0.1939
0000022738_1343.jpg,2,0.1343
0000015194_1467.jpg,46,0.1467
0000021231_1764.jpg,2,0.1764
0000019221_1472.jpg,18,0.1472
0000015369_1303.jpg,2,0.1304
0000026953_1271.jpg,36,0.1271
000006813_1227.jpg,2,0.1227
0000030843_1335.jpg,2,0.1336
0000023181_1353.jpg,2,0.1354
0000020463_1258.jpg,5,0.1259
0000025241_1602.jpg,35,0.1602
0000028003_1335.jpg,2,0.1335
0000021999_1629.jpg,43,0.1629
0000013095_1267.jpg,5,0.1268
000003770_1893.jpg,2,0.1893
0000013081_1544.jpg,2,0.1544
0000017581_1289.jpg,43,0.1289
0000027442_1463.jpg,5,0.1463
0000023963_1531.jpg,39,0.1531
0000017378_1231.jpg,13,0.1232
00000768_1436.jpg,2,0.1436
0000012572_1300.jpg,38,0.1301
0000031397_1614.jpg,38,0.1614
000007338_1352.jpg,2,0.1353
0000020517_1270.jpg,44,0.1270
0000019382_1479.jpg,2,0.1480
00000973_1981.jpg,2,0.1981
0000016927_1489.jpg,44,0.1489
000001013_1537.jpg,2,0.1538
000006768_2240.jpg,2,0.2240
0000026628_1427.jpg,5,0.1427
0000013693_1306.jpg,39,0.1306
0000010601_2036.jpg,9,0.2037
0000031817_1889.jpg,39,0.1890
0000018275_1296.jpg,2,0.1297
0000023591_1733.jpg,44,0.1734
0000015745_1239.jpg,39,0.1240
000009671_1893.jpg,2,0.1894
0000020067_2610.jpg,35,0.2610
000003348_1531.jpg,44,0.1532
000004341_1572.jpg,2,0.1573
0000015962_1232.jpg,35,0.1233
000007648_1464.jpg,2,0.1464
000005077_1545.jpg,35,0.1545
0000024229_1588.jpg,35,0.1588
0000030248_1250.jpg,8,0.1251
000009881_1245.jpg,2,0.1245
0000021423_1377.jpg,26,0.1378
0000023553_1381.jpg,44,0.1382
000006219_1490.jpg,2,0.1490
0000034013_1450.jpg,44,0.1451
0000030513_1317.jpg,35,0.1318
0000015977_2049.jpg,2,0.2049
000006225_1214.jpg,2,0.1215
0000022665_1799.jpg,39,0.1799
0000033768_1211.jpg,34,0.1211
0000023590_1733.jpg,44,0.1734
0000021387_1312.jpg,9,0.1313
0000019618_1343.jpg,39,0.1343
0000018506_1256.jpg,39,0.1257
0000029917_1273.jpg,39,0.1274
0000016271_1345.jpg,29,0.1345
00000219_1633.jpg,2,0.1633
000001760_1468.jpg,2,0.1468
0000031341_1626.jpg,8,0.1627
000002533_1622.jpg,2,0.1622
000009466_1334.jpg,41,0.1335
000002241_1646.jpg,2,0.1646
0000030936_1537.jpg,39,0.1538
0000018062_1226.jpg,2,0.1227
000004817_1540.jpg,2,0.1540
0000016701_2327.jpg,2,0.2327
0000010416_1492.jpg,5,0.1492
0000029308_1700.jpg,8,0.1701
000008630_1903.jpg,13,0.1904
0000014089_1244.jpg,5,0.1245
0000031221_1215.jpg,2,0.1215
0000028764_1213.jpg,35,0.1214
000005300_1904.jpg,9,0.1905
0000021740_1585.jpg,29,0.1585
0000023619_1293.jpg,2,0.1294
000002335_1747.jpg,5,0.1747
0000020304_1349.jpg,39,0.1349
0000026775_2281.jpg,8,0.2282
0000013057_1286.jpg,39,0.1287
0000012361_1795.jpg,2,0.1795
0000025730_1427.jpg,2,0.1428
0000020648_1477.jpg,2,0.1477
000001402_1254.jpg,35,0.1254
0000022705_1258.jpg,36,0.1259
000006423_1209.jpg,5,0.1210
000009710_1352.jpg,5,0.1353
000006351_2096.jpg,2,0.2096
000009062_1743.jpg,1,0.1743
0000020106_1292.jpg,39,0.1293
000003229_1513.jpg,18,0.1513
0000017741_1306.jpg,39,0.1306
0000018472_1229.jpg,35,0.1230
0000033185_1901.jpg,39,0.1902
0000022936_1276.jpg,41,0.1276
0000011320_1233.jpg,39,0.1233
0000010980_1257.jpg,39,0.1258
0000021585_1421.jpg,39,0.1422
000002866_1375.jpg,35,0.1376
0000013523_1626.jpg,42,0.1627
0000019740_1279.jpg,2,0.1279
0000025907_1268.jpg,39,0.1269
000007077_3352.jpg,2,0.3352
000009700_1460.jpg,2,0.1460
000004230_1395.jpg,2,0.1396
000002899_1684.jpg,2,0.1684
000008185_2044.jpg,5,0.2044
0000013735_1753.jpg,2,0.1754
0000018674_1207.jpg,2,0.1207
000006194_1692.jpg,2,0.1692
0000016665_1463.jpg,39,0.1464
000004797_1931.jpg,2,0.1931
0000033426_1224.jpg,8,0.1224
0000016856_1576.jpg,39,0.1577
000002319_1655.jpg,2,0.1655
000006619_1722.jpg,35,0.1722
0000024166_1267.jpg,2,0.1267
0000029330_1386.jpg,29,0.1386
000006625_1350.jpg,1,0.1350
000002443_1417.jpg,2,0.1418
0000012239_1201.jpg,2,0.1201
0000014890_1553.jpg,2,0.1553
0000015556_1535.jpg,2,0.1536
000006962_1310.jpg,2,0.1311
00000745_1324.jpg,39,0.1325
0000010348_1210.jpg,5,0.1211
0000011042_1418.jpg,39,0.1418
0000019378_1689.jpg,41,0.1690
00000779_1499.jpg,2,0.1500
0000014112_1478.jpg,39,0.1478
000003167_2248.jpg,2,0.2248
0000023741_1441.jpg,11,0.1441
000007301_1235.jpg,44,0.1236
000007473_1506.jpg,44,0.1506
000001994_1723.jpg,5,0.1723
0000026611_1256.jpg,35,0.1256
000009304_1366.jpg,2,0.1367
0000024760_2970.jpg,35,0.2971
0000018270_1289.jpg,39,0.1290
000008595_1403.jpg,2,0.1404
00000553_1221.jpg,2,0.1221
0000020923_1690.jpg,39,0.1690
0000032499_1303.jpg,5,0.1304
0000014476_2355.jpg,5,0.2356
000006584_1255.jpg,39,0.1256
0000010162_2922.jpg,29,0.2923
0000025132_1322.jpg,39,0.1323
0000032328_1407.jpg,39,0.1408
000009884_1643.jpg,35,0.1643
000006209_1565.jpg,39,0.1566
0000011283_1349.jpg,35,0.1350
000003359_1483.jpg,2,0.1484
000002047_1540.jpg,11,0.1540
000009112_1212.jpg,2,0.1212
000006221_1335.jpg,5,0.1336
0000029734_1703.jpg,39,0.1703
000002721_1477.jpg,5,0.1477
000002052_1547.jpg,2,0.1547
000005729_1690.jpg,39,0.1691
000001573_1917.jpg,2,0.1917
0000028371_2014.jpg,5,0.2014
0000019635_2107.jpg,2,0.2107
0000025682_1249.jpg,2,0.1250
000002913_1203.jpg,35,0.1204
00000234_1408.jpg,2,0.1408
0000017142_1344.jpg,12,0.1344
0000020936_1285.jpg,11,0.1285
000009305_1366.jpg,2,0.1367
000002536_1228.jpg,9,0.1229
0000024761_2970.jpg,35,0.2971
0000029245_1251.jpg,26,0.1251
0000019386_1224.jpg,46,0.1224
000001003_1535.jpg,5,0.1535
000008755_1337.jpg,2,0.1338
00000787_2008.jpg,2,0.2009
000006793_1326.jpg,2,0.1326
00000778_2158.jpg,2,0.2158
00000988_2020.jpg,35,0.2020
000009488_1211.jpg,2,0.1211
0000010349_1261.jpg,38,0.1262
0000028749_1213.jpg,35,0.1214
0000026764_1590.jpg,2,0.1590
0000032711_1201.jpg,5,0.1201
000004033_1372.jpg,2,0.1373
0000030660_1247.jpg,46,0.1248
0000029443_1588.jpg,41,0.1588
000005477_1449.jpg,13,0.1450
000007512_1300.jpg,2,0.1300
0000014098_2465.jpg,2,0.2466
0000018885_1323.jpg,2,0.1323
0000027485_1254.jpg,39,0.1255
0000033396_1500.jpg,8,0.1500
0000027491_2617.jpg,2,0.2617
000006354_1328.jpg,35,0.1328
0000026572_1771.jpg,5,0.1771
0000029899_1779.jpg,18,0.1780
0000024365_1505.jpg,39,0.1506
0000031740_2543.jpg,2,0.2543
000008351_1237.jpg,39,0.1237
0000023422_1204.jpg,28,0.1204
0000012833_1835.jpg,2,0.1835
0000016466_1300.jpg,35,0.1300
000004580_2477.jpg,35,0.2478
0000029682_1250.jpg,9,0.1251
0000012172_1267.jpg,19,0.1267
0000022099_1243.jpg,2,0.1243
000009098_1487.jpg,35,0.1488
0000011321_2130.jpg,9,0.2131
00000342_1561.jpg,2,0.1562
0000018313_1420.jpg,35,0.1421
0000010983_1284.jpg,2,0.1285
0000019019_1358.jpg,39,0.1359
0000015192_1206.jpg,39,0.1206
0000020897_1762.jpg,35,0.1762
000001377_1502.jpg,2,0.1503
000006342_1469.jpg,2,0.1469
0000024373_1737.jpg,44,0.1737
0000017222_1365.jpg,36,0.1366
0000033394_1500.jpg,8,0.1500
0000016896_2139.jpg,2,0.2140
0000032920_1230.jpg,41,0.1231
000003945_2511.jpg,35,0.2511
0000028788_1490.jpg,5,0.1491
000004780_1679.jpg,35,0.1679
000005475_1333.jpg,2,0.1334
0000016855_1576.jpg,39,0.1577
000008145_1756.jpg,2,0.1756
0000027336_1203.jpg,8,0.1204
000001161_1268.jpg,2,0.1269
0000013093_1316.jpg,2,0.1317
0000011874_1610.jpg,2,0.1610
0000020317_1205.jpg,5,0.1205
0000019582_2238.jpg,39,0.2238
0000016869_1373.jpg,2,0.1374
000002332_1331.jpg,5,0.1331
0000020465_1575.jpg,2,0.1575
000006632_1211.jpg,44,0.1211
0000014887_1227.jpg,2,0.1228
0000031391_1466.jpg,39,0.1466
0000019409_1763.jpg,44,0.1764
0000013642_1976.jpg,2,0.1977
000004810_1599.jpg,5,0.1600
0000024950_1253.jpg,2,0.1254
0000027281_1415.jpg,2,0.1416
0000012560_1208.jpg,5,0.1208
000004179_1454.jpg,44,0.1455
000008025_1217.jpg,44,0.1217
000001767_1693.jpg,35,0.1693
0000014688_1323.jpg,5,0.1324
000002252_2512.jpg,2,0.2513
0000030070_1302.jpg,2,0.1303
000005529_1391.jpg,2,0.1392
000004151_1560.jpg,2,0.1560
0000020511_1850.jpg,5,0.1850
000002905_1238.jpg,9,0.1239
0000030299_1336.jpg,5,0.1336
0000013497_1267.jpg,39,0.1267
00000593_1250.jpg,2,0.1251
0000017183_1450.jpg,8,0.1451
000005717_1358.jpg,5,0.1358
000001559_1335.jpg,2,0.1335
000005059_2253.jpg,2,0.2253
000007896_1259.jpg,9,0.1260
000006550_1366.jpg,2,0.1367
0000030266_1883.jpg,39,0.1884
000007883_1449.jpg,2,0.1449
000004420_1777.jpg,29,0.1778
000006551_1397.jpg,35,0.1397
0000015965_1280.jpg,5,0.1281
0000015795_1365.jpg,2,0.1366
000005070_1207.jpg,9,0.1208
000005716_1228.jpg,2,0.1228
000007840_1260.jpg,2,0.1260
0000016505_1855.jpg,5,0.1856
0000019622_1693.jpg,2,0.1694
0000020935_1225.jpg,34,0.1225
0000025681_1249.jpg,2,0.1250
0000013333_1247.jpg,13,0.1247
000003159_1216.jpg,2,0.1217
0000030717_1351.jpg,9,0.1351
000004622_1208.jpg,13,0.1208
0000032896_1244.jpg,41,0.1245
0000025332_1351.jpg,44,0.1352
0000015597_1284.jpg,6,0.1284
00000784_1977.jpg,9,0.1978
00000948_1288.jpg,2,0.1288
000001000_2181.jpg,13,0.2182
0000028602_1526.jpg,35,0.1526
0000028831_1268.jpg,8,0.1269
000006790_2046.jpg,2,0.2046
0000023970_1244.jpg,5,0.1244
0000032706_1201.jpg,5,0.1201
0000029326_1502.jpg,2,0.1502
0000026767_1216.jpg,39,0.1217
0000019597_1304.jpg,2,0.1305
0000025246_1203.jpg,35,0.1203
0000027337_1203.jpg,8,0.1204
0000030887_1344.jpg,39,0.1345
000005474_1444.jpg,46,0.1444
0000018886_1867.jpg,2,0.1868
0000010564_1710.jpg,35,0.1710
0000018138_1448.jpg,39,0.1449
0000014070_1340.jpg,5,0.1340
0000019554_1200.jpg,5,0.1200
000001835_1584.jpg,2,0.1585
0000012429_1443.jpg,2,0.1444
000009299_1248.jpg,2,0.1249
00000633_1304.jpg,2,0.1304
0000018_1601.jpg,2,0.1602
0000022298_1393.jpg,35,0.1393
0000033395_1500.jpg,8,0.1500
0000019795_1252.jpg,39,0.1253
0000017960_1347.jpg,44,0.1347
0000013290_1291.jpg,35,0.1291
0000033626_1767.jpg,8,0.1768
000006394_1690.jpg,2,0.1690
000007908_1700.jpg,35,0.1701
0000020841_2114.jpg,2,0.2115
0000010996_2038.jpg,2,0.2038
0000018312_1420.jpg,35,0.1421
